{"nodes":{"node:0":{"location":{"x":-4965,"y":-180}}},"selection":["node:0"],"view":{"scroll":{"x":-7377.5244140625,"y":-318.4761962890625},"visible_rect":{"max":{"x":-4385.22021484375,"y":82.0190582275390625},"min":{"x":-5902.0205078125,"y":-254.781005859375}},"zoom":1.2499997615814209}}